{
      "0": {
            "precision": 0.8333333333333334,
            "recall": 0.78125,
            "f1-score": 0.8064516129032259,
            "support": 32
      },
      "1": {
            "precision": 0.7666666666666667,
            "recall": 0.8214285714285714,
            "f1-score": 0.793103448275862,
            "support": 28
      },
      "accuracy": 0.8,
      "macro avg": {
            "precision": 0.8,
            "recall": 0.8013392857142857,
            "f1-score": 0.7997775305895439,
            "support": 60
      },
      "weighted avg": {
            "precision": 0.8022222222222223,
            "recall": 0.8,
            "f1-score": 0.8002224694104559,
            "support": 60
      }
}